<?xml version="1.0" encoding="utf-8"?>
<?xml-stylesheet type="text/xsl" href="../../../../../../../../../languagetool-core/src/main/resources/org/languagetool/rules/print.xsl" ?>
<?xml-stylesheet type="text/css" href="../../../../../../../../../languagetool-core/src/main/resources/org/languagetool/rules/rules.css" title="Easy editing stylesheet" ?>
<!--
Slovak Grammar and Typo Rules for LanguageTool
Copyright (C) 2010 Zdenko Podobný (http://www.sk-spell.sk.cx/),
Luboš Lehotský lubo.lehotsky (at) gmail (dot) com

This library is free software; you can redistribute it and/or
modify it under the terms of the GNU Lesser General Public
License as published by the Free Software Foundation; either
version 2.1 of the License, or (at your option) any later version.

This library is distributed in the hope that it will be useful,
but WITHOUT ANY WARRANTY; without even the implied warranty of
MERCHANTABILITY or FITNESS FOR A PARTICULAR PURPOSE. See the GNU
Lesser General Public License for more details.

You should have received a copy of the GNU Lesser General Public
License along with this library; if not, write to the Free Software
Foundation, Inc., 51 Franklin St, Fifth Floor, Boston, MA 02110-1301, USA

$Id$
-->
<rules lang="sk" xsi:noNamespaceSchemaLocation="../../../../../../../../../languagetool-core/src/main/resources/org/languagetool/rules/rules.xsd" xmlns:xsi="http://www.w3.org/2001/XMLSchema-instance" xmlns:xs="http://www.w3.org/2001/XMLSchema">
    <!--  ======================================== -->

    <!--  ======================================== -->


    <category name="Kapitalizácia">
        <!--  ======================================== -->

        <rulegroup id="PAMATNY_DEN" name="Pamätný deň začína veľkým písmenom">

            <rule name="Medzinárodný deň">
                <pattern case_sensitive="yes">
                    <marker>
		    	<!--POZN: regulárny výraz nájde všetky tvary slova medzinárodný s malým m -->
                    	<token regexp="yes">medzinárod(ný|ného|nému|nom|né|ných|ným|nými)</token>
			<!-- nájde všetky tvary, aj s veľkým písmenom -->
                        <token inflected="yes">deň</token>
                        <token regexp="yes">Žien|žien|Detí|detí</token>
                    </marker>
                </pattern>

                <message>Pri pamätných dňoch použite veľké začiatočné písmeno:
			<suggestion><match case_conversion="startupper" no="1"/> <match case_conversion="startlower" no="2"/> <match case_conversion="startlower" no="3"/></suggestion>.
		</message>

                <short>Názov pamätného dňa začína veľkým písmenom.</short>
	    	<example correction="Medzinárodného dňa detí" type="incorrect">
		    Pri príležitosti <marker>medzinárodného dňa detí</marker>.
	    	</example>
	    	<example correction="Medzinárodného dňa detí" type="incorrect">
		    Pri príležitosti <marker>medzinárodného Dňa detí</marker>.
	    	</example>
	    	<example correction="Medzinárodného dňa detí" type="incorrect">
		    Pri príležitosti <marker>medzinárodného Dňa Detí</marker>.
	    	</example>
            	<example type="correct">Pri príležitosti Medzinárodného dňa detí.</example>
            </rule>

	    <rule name="Pamätný deň">
                <pattern case_sensitive="yes">
		    <!--POZN: regulárny výraz nájde všetky tvary slova Medzinárodný s veľký M -->
                    <token><exception regexp="yes">Medzinárod(ný|ného|nému|nom|ným|né|ných|nými)</exception></token>
                    <marker>
			    <!-- POZN: Ak sa tu použije skloňovanie pomocou atribútu inflected="yes", 
				 ignoruje sa case_sensitive="yes" -->
                        <token regexp="yes">deň|dňa|dňu|dni|dňom|dní|dňoch|dňami</token>
                        <!--token inflected="yes">deň</token-->
                        <token regexp="yes">matiek|žien|zeme|Zeme|otcov|detí|učiteľov|narcisov|veteránov|OSN|železničiarov</token>
                    </marker>
                </pattern>

                <message>Pri pamätných dňoch použite veľké začiatočné písmeno:
    		    <!-- POZN: <match no="2"/> možno použiť namiesto <match no="2"/> -->
		    <suggestion><match case_conversion="startupper" no="2"/> \3</suggestion>.
	    	</message>

                <short>Názov pamätného dňa začína veľkým písmenom.</short>
                <example correction="Dňa matiek" type="incorrect">Pri príležitosti <marker>dňa matiek</marker>.</example>
                <example type="correct">Pri príležitosti Dňa matiek.</example>
                <example type="correct">Pri príležitosti Medzinárodného dňa detí.</example>
            </rule>

            <rule id="den_slobody_softveru" name="Deň slobody softvéru">
                <pattern case_sensitive="yes">
                    <marker>
                        <token regexp="yes">deň|dňa|dňu|dni|dní|dňom|dňoch|dňami</token>
                        <token regexp="yes">slobody|slobodného</token>
                        <token>softvéru</token>
                    </marker>
                </pattern>

		<message>
		    Pri pamätných dňoch použite veľké začiatočné písmeno:
		    <!-- POZN: <suggestion> musí byť na jednom riadku -->
		    <suggestion><match case_conversion="startupper" no="1"/> \2 \3</suggestion>.
	        </message>

                <short>Pamätný deň začína veľkým písmenom.</short>
		<example correction="Dňom slobody softvéru" type="incorrect">
			Pred <marker>dňom slobody softvéru</marker> pršalo.
		</example>
                <example type="correct">Pred Dňom slobody softvéru pršalo.</example>
            </rule>

            <rule id="víťazstva_nad_fašizmom" name="Deň víťazstva nad fašizmom">
                <pattern case_sensitive="yes">
                    <marker>
                        <token regexp="yes">deň|dňa|dňu|dni|dní|dňom|dňoch|dňami</token>
                        <token>víťazstva</token>
                        <token>nad</token>
                        <token>fašizmom</token>
                    </marker>
                </pattern>

		<message>
		    Pri pamätných dňoch použite veľké začiatočné písmeno:
		    <!-- POZN: <suggestion> musí byť na jednom riadku -->
		    <suggestion><match case_conversion="startupper" no="1"/> <match no="2"/> <match no="3"/> <match no="4"/></suggestion>.
	        </message>

                <short>Pamätný deň začína veľkým písmenom.</short>
		<example correction="Dňa víťazstva nad fašizmom" type="incorrect">
			Pri príležitosti <marker>dňa víťazstva nad fašizmom</marker>.
		</example>
                <example type="correct">Pri príležitosti Dňa víťazstva nad fašizmom.</example>
            </rule>

            <rule id="vzniku_Slovenskej_republiky" name="Deň vzniku Slovenskej republiky">
                <pattern case_sensitive="yes">
                    <marker>
                        <token regexp="yes">deň|dňa|dňu|dni|dní|dňom|dňoch|dňami</token>
                        <token>vzniku</token>
                        <token>Slovenskej</token>
                        <token>republiky</token>
                    </marker>
                </pattern>

		<message>
		    Pri pamätných dňoch použite veľké začiatočné písmeno:
		    <!-- POZN: <suggestion> musí byť na jednom riadku -->
		    <suggestion><match case_conversion="startupper" no="1"/> <match no="2"/> <match no="3"/> <match no="4"/></suggestion>.
	        </message>

                <short>Pamätný deň začína veľkým písmenom.</short>
		<example correction="Dňa vzniku Slovenskej republiky" type="incorrect">
			Pri príležitosti <marker>dňa vzniku Slovenskej republiky</marker>.
		</example>
                <example type="correct">Pri príležitosti Dňa vzniku Slovenskej republiky.</example>
            </rule>
        </rulegroup>
    </category>


    <!--  ======================================== -->

    <!--  ======================================== -->

    <category name="Rôzne">
        <!--  ======================================== -->

        <rulegroup id="KOHO_CI" name="Zámeno 'koho' nahraďte zámenom 'čí'">

	    <!-- Základné pravidlo: 'koho + podstatné meno' -->
            <rule>
                <pattern>
                    <token>koho</token>
                    <token postag="S...." postag_regexp="yes"></token>
                </pattern>
		<!-- POZN:regulárny výraz (.) na mieste morfologickej značky v atribúte postag a následne premenná $1 (číslo podľa poradia) v atribúte postag_replace umožní prebratie vybranej morfologickej značky tokenu. V tomto prípade sa 'čí' vyskloňuje podľa podstatného mena -->
                <message>
			Zámeno 'koho' nahraďte zámenom 'čí': 
			<suggestion><match no="2" postag="S.(.+)(.+)(.+)" postag_replace="PA$1$2$3">čí</match> <match no="2"/></suggestion>.
                </message>

                <short>Možná gramatická chyba. Zámeno 'koho' možno treba nahradiť zámenom 'čí'</short>
                <example correction="čí dom" type="incorrect"> Nevedel, <marker>koho dom</marker> kúpil.  </example>
                <example type="correct"> Nevedel, čí dom kúpil.  </example>
            </rule>

	    <!-- Rozšírené pravidlo: 'koho + prídavné meno + ... + podstatné meno' -->
            <rule>
                <pattern>
                    <token>koho</token>
		    <token skip="-1" postag="A....." postag_regexp="yes"/>
		    <!--token skip="-1" postag="A....." postag_regexp="yes"><exception scope="next">a</exception></token-->
                    <token postag="S...." postag_regexp="yes"></token>
                </pattern>
                <message>
			Zámeno 'koho' nahraďte zámenom 'čí': 
			<suggestion><match no="3" postag="S.(.+)(.+)(.+)" postag_replace="PA$1$2$3">čí</match> <match no="2" include_skipped="all"/> <match no="3"/></suggestion>.
                </message>

                <short>Možná gramatická chyba. Zámeno 'koho' možno treba nahradiť zámenom 'čí'</short>
                <example correction="čí nový vysoký dom" type="incorrect"> Nevedel, <marker>koho nový vysoký dom</marker> kúpil.  </example>
                <example type="correct"> Nevedel, čí nový vysoký dom kúpil.  </example>
            </rule>

	    <!-- Rozšírené pravidlo: 'koho + byť (skloňované) + ... + podstatné meno' -->
            <rule>
                <pattern>
                    <token>koho</token>
		    <token skip="-1" inflected="yes">byť</token>
                    <token postag="S...." postag_regexp="yes"></token>
                </pattern>
                <message>
			Zámeno 'koho' nahraďte zámenom 'čí': 
			<suggestion><match no="3" postag="S.(.)(.)(.)" postag_replace="PA$1$2$3">čí</match> <match no="2" include_skipped="all"/> <match no="3"/></suggestion>.
                </message>

                <short>Možná gramatická chyba. Zámeno 'koho' možno treba nahradiť zámenom 'čí'</short>
                <example correction="čí bol ten vysoký dom" type="incorrect"> Nevedel, <marker>koho bol ten vysoký dom</marker>.  </example>
                <example type="correct"> Nevedel, čí bol ten vysoký dom.  </example>
            </rule>
        </rulegroup>
    </category>

        <!--  ======================================== -->
	<!--XXXXXXXXXXXXXXXXXXXXXXXXXX -->

</rules>
