<?xml version="1.0" encoding="UTF-8"?>
<?xml-stylesheet type="text/xsl" href="../../../../../../../../../languagetool-core/src/main/resources/org/languagetool/rules/print.xsl" ?>
<?xml-stylesheet type="text/css" href="../../../../../../../../../languagetool-core/src/main/resources/org/languagetool/rules/rules.css" 
title="Easy editing stylesheet" ?>
<!--
Japanese Grammar and Typo Rules file for LanguageTool
-->
<rules xmlns:xsi="http://www.w3.org/2001/XMLSchema-instance" xmlns:xs="http://www.w3.org/2001/XMLSchema" lang="ja" xsi:noNamespaceSchemaLocation="../../../../../../../../../languagetool-core/src/main/resources/org/languagetool/rules/rules.xsd">
	<!-- ============================== -->
	<!-- 文法 -->
	<!-- ============================== -->
	<category name="文法">
		<rule id="DOUSI_WO" name="動詞+を">
			<pattern case_sensitive="no">
				<token postag="動詞.*" postag_regexp="yes"/>
				<token>を</token>
			</pattern>
			<message>のを</message>
			<example><marker>見るのを</marker>ためらう</example>
			<example correction=""><marker>見るを</marker>ためらう</example>
		</rule>
		<rule id="ENAI" name="得ない">
			<pattern case_sensitive="no">
				<token>ざる</token>
				<token>お</token>
				<token>得</token>
				<token>ない</token>
			</pattern>
			<message>を得ない</message>
			<example>会社を辞め<marker>ざるを得ない</marker></example>
			<example correction="">会社を辞め<marker>ざるお得ない</marker></example>
		</rule>
		<rule id="CHIGAI" name="違い">
			<pattern case_sensitive="no">
				<token>違</token>
				<token>く</token>
				<token>て</token>
			</pattern>
			<message>違って</message>
			<example>とは<marker>違って</marker></example>
			<example correction="">とは<marker>違くて</marker></example>
		</rule>
		<rule id="CHIGATTA" name="違った">
			<pattern case_sensitive="no">
				<token>違</token>
				<token>かっ</token>
				<token>た</token>
			</pattern>
			<message>違った</message>
			<example><marker>違った</marker>問題</example>
			<example correction=""><marker>違かった</marker>問題</example>
		</rule>
		<rule id="UTAWASETE" name="歌わせて">
			<pattern case_sensitive="no">
				<token>歌わさ</token>
				<token>せ</token>
				<token>て</token>
			</pattern>
			<message>歌わせて</message>
			<example><marker>歌わせて</marker>いただきます</example>
			<example correction=""><marker>歌わさせて</marker>いただきます</example>
		</rule>
		<rule id="OBOTSUKANAI" name="おぼつかない">
			<pattern case_sensitive="no">
				<token>お</token>
				<token>ぼつ</token>
				<token>き</token>
				<token>ませ</token>
				<token>ん</token>
			</pattern>
			<message>おぼつかないです</message>
			<example><marker>おぼつかないです</marker></example>
			<example correction=""><marker>おぼつきません</marker></example>
		</rule>
		<!--
		<rule id="SINGLE-MARKON" name="長音">
		  <pattern case_sensitive="no">
		    <token regexp="yes">[^\p{IsKatakana}\p{IsHiragana}]+</token>
		    <token >ー</token>
		  </pattern>
		  <message>不適切な長音符</message>
		  <example><marker>リンカー</marker></example>
		  <example correction=""><marker>隣家ー</marker></example>
		</rule>
		-->
	</category>
	<!-- ============================== -->
	<!-- 誤字 -->
	<!-- ============================== -->
	<category name="誤字">
		<rule id="SONJASOKORA" name="そんじゃそこら">
			<pattern case_sensitive="no">
				<token>そん</token>
				<token>じゃ</token>
				<token>そこら</token>
			</pattern>
			<message>そんじょそこら</message>
			<example><marker>そんじょそこら</marker>で手に入る</example>
			<example correction=""><marker>そんじゃそこら</marker>で手に入る</example>
		</rule>
		<rule id="OMACHIDOU" name="お待ちどう">
			<pattern case_sensitive="no">
				<token>お待ち</token>
				<token>ど</token>
				<token>お</token>
			</pattern>
			<message>お待ちどう</message>
			<example><marker>お待ちどう</marker>様</example>
			<example correction=""><marker>お待ちどお</marker>様</example>
		</rule>
		<rule id="IU" name="言う">
			<pattern case_sensitive="no">
				<token regexp="yes">と|が|は</token>
				<token>ゆう</token>
			</pattern>
			<message>いう</message>
			<example><marker>という</marker>もの</example>
			<example correction=""><marker>とゆう</marker>もの</example>
		</rule>
		<rule id="KIMONIMEIJIRU" name="肝に命じる">
			<pattern case_sensitive="no">
				<token>肝</token>
				<token>に</token>
				<token>命じる</token>
			</pattern>
			<message>肝に銘じる</message>
			<example>
				<marker>肝に銘じる</marker>
			</example>
			<example correction="">
				<marker>肝に命じる</marker>
			</example>
		</rule>
		<rule id="TAKAMINOKENBUTU" name="高見の見物">
			<pattern case_sensitive="no">
				<token>高見</token>
				<token>の</token>
				<token>見物</token>
			</pattern>
			<message>高みの見物</message>
			<example>
				<marker>高みの見物</marker>
			</example>
			<example correction="">
				<marker>高見の見物</marker>
			</example>
		</rule>
		<rule id="JINJIIDOU" name="人事移動">
			<pattern case_sensitive="no">
				<token>人事</token>
				<token>移動</token>
			</pattern>
			<message>人事異動</message>
			<example><marker>人事異動</marker>のお知らせ</example>
			<example correction=""><marker>人事移動</marker>のお知らせ</example>
		</rule>
		<rule id="MOTOZUKU" name="基ずく">
			<pattern case_sensitive="no">
				<token>基</token>
				<token>ずく</token>
			</pattern>
			<message>基づく</message>
			<example>事実に<marker>基づく</marker>話</example>
			<example correction="">事実に<marker>基ずく</marker>話</example>
		</rule>
		<rule id="TUKUZUKU" name="つくずく">
			<pattern case_sensitive="no">
				<token>つく</token>
				<token>ずく</token>
			</pattern>
			<message>つくずく</message>
			<example><marker>つくづく</marker>思案する</example>
			<example correction=""><marker>つくずく</marker>思案する</example>
		</rule>
		<rule id="TUREZURE" name="つれずれ">
			<pattern case_sensitive="no">
				<token>つれ</token>
				<token>ずれ</token>
			</pattern>
			<message>つれづれ</message>
			<example><marker>つれづれ</marker>を慰める</example>
			<example correction=""><marker>つれずれ</marker>を慰める</example>
		</rule>
		<rule id="ZURAI" name="ずらい">
			<pattern case_sensitive="no">
				<token>ず</token>
				<token>らい</token>
			</pattern>
			<message>づらい</message>
			<example>読み<marker>づらい</marker>字</example>
			<example correction="">読み<marker>ずらい</marker>字</example>
		</rule>
		<rule id="AKUDOI" name="悪どい">
			<pattern case_sensitive="no">
				<token>悪</token>
				<token>ど</token>
				<token>い</token>
			</pattern>
			<message>あくどい</message>
			<example><marker>あくどい</marker>手口</example>
			<example correction=""><marker>悪どい</marker>手口</example>
		</rule>
		<rule id="UTYOUTEN" name="有頂点">
			<pattern case_sensitive="no">
				<token>有</token>
				<token>頂点</token>
			</pattern>
			<message>有頂天</message>
			<example><marker>有頂天</marker>になる</example>
			<example correction=""><marker>有頂点</marker>になる</example>
		</rule>
		<rule id="YOHAMANZOKU" name="余は満足">
			<pattern case_sensitive="no">
				<token>世</token>
				<token>は</token>
				<token>満足</token>
			</pattern>
			<message>世は満足</message>
			<example><marker>余は満足</marker>じゃ</example>
			<example correction=""><marker>世は満足</marker>じゃ</example>
		</rule>
		<rule id="NENREI" name="年齢">
			<pattern case_sensitive="no">
				<token>年令</token>
			</pattern>
			<message>年齢</message>
			<example><marker>年齢</marker>の言い方</example>
			<example correction=""><marker>年令</marker>の言い方</example>
		</rule>
		<rule id="URABURERU" name="裏ぶれる">
			<pattern case_sensitive="no">
				<token>裏</token>
				<token regexp="yes">ぶれる|ぶれ</token>
			</pattern>
			<message>うらぶれる</message>
			<example><marker>うらぶれ</marker>た生活</example>
			<example correction=""><marker>裏ぶれ</marker>た生活</example>
		</rule>
		<rule id="UWATUKU" name="浮わつく">
			<pattern case_sensitive="no">
				<token>浮</token>
				<token>わ</token>
			</pattern>
			<message>浮つく</message>
			<example>気持ちが<marker>浮</marker>つく</example>
			<example correction="">気持ちが<marker>浮わ</marker>つく</example>
		</rule>
		<rule id="OUGI" name="奥技">
			<pattern case_sensitive="no">
				<token>奥</token>
				<token>技</token>
			</pattern>
			<message>奥義</message>
			<example><marker>奥義</marker>をきわめる</example>
			<example correction=""><marker>奥技</marker>をきわめる</example>
		</rule>
		<rule id="KATAHIJIHARU" name="片肘張る">
			<pattern case_sensitive="no">
				<token>片</token>
				<token>肘</token>
				<token regexp="yes">張る|張っ</token>
			</pattern>
			<message>肩肘張る</message>
			<example><marker>肩肘張っ</marker>て暮らす</example>
			<example correction=""><marker>片肘張っ</marker>て暮らす</example>
		</rule>
		<rule id="KANNNINN" name="勘忍">
			<pattern case_sensitive="no">
				<token>勘</token>
				<token>忍</token>
			</pattern>
			<message>堪忍</message>
			<example><marker>堪忍</marker>は一生の宝</example>
			<example correction=""><marker>勘忍</marker>は一生の宝</example>
		</rule>
		<rule id="KANBEN" name="堪弁">
			<pattern case_sensitive="no">
				<token>堪</token>
				<token>弁</token>
			</pattern>
			<message>勘弁</message>
			<example><marker>勘弁</marker>ならない</example>
			<example correction=""><marker>堪弁</marker>ならない</example>
		</rule>
		<rule id="YUUISA" name="有意差">
			<pattern case_sensitive="no">
				<token>優位</token>
				<token>差</token>
			</pattern>
			<message><suggestion>有意差</suggestion>の間違いです</message>
			<example correction="有意差"><marker>優位差</marker>がある</example>
		</rule>
		<rule id="KAKURITSUBUNPU" name="確率分布">
			<pattern case_sensitive="no">
				<token>確立</token>
				<token>分布</token>
			</pattern>
			<message><suggestion>確率分布</suggestion>の間違いです</message>
			<example correction="確率分布">さまざまな<marker>確立分布</marker></example>
		</rule>
		<rule id="KIKAIGAKUSYUU" name="機械学習">
			<pattern case_sensitive="no">
				<token>機会</token>
				<token>学習</token>
			</pattern>
			<message><suggestion>機械学習</suggestion>の間違いです</message>
			<example correction="機械学習"><marker>機会学習</marker>をさせる</example>
		</rule>
		<rule id="O" name="お">
			<pattern case_sensitive="no">
				<token postag="名詞.*" postag_regexp="yes"/>
				<token>お</token>
			</pattern>
			<message>を</message>
			<example><marker>上を</marker>見る</example>
			<example correction=""><marker>上お</marker>見る</example>
		</rule>
		<rule id="MUNESANZUN" name="胸三寸">
			<pattern case_sensitive="no">
				<token>胸先</token>
				<token>三寸</token>
			</pattern>
			<message>胸三寸</message>
			<example><marker>胸三寸</marker>に納める</example>
			<example correction=""><marker>胸先三寸</marker>に納める</example>
		</rule>
		<rule id="BANJIKYUUSU" name="万事休す">
			<pattern case_sensitive="no">
				<token>万事</token>
				<token>窮</token>
				<token>す</token>
			</pattern>
			<message>万事休す</message>
			<example><marker>万事休す</marker></example>
			<example correction=""><marker>万事窮す</marker></example>
		</rule>
		<rule id="TANTOUCHOKUNYUU" name="単刀直入">
			<pattern case_sensitive="no">
				<token>短刀</token>
				<token>直入</token>
			</pattern>
			<message>単刀直入</message>
			<example><marker>単刀直入</marker></example>
			<example correction=""><marker>短刀直入</marker></example>
		</rule>
		<rule id="ISHINDENSHIN" name="以心伝心">
			<pattern case_sensitive="no">
				<token>意</token>
				<token>心</token>
				<token>伝</token>
				<token>心</token>
			</pattern>
			<message>以心伝心</message>
			<example><marker>以心伝心</marker></example>
			<example correction=""><marker>意心伝心</marker></example>
		</rule>
		<rule id="KUHUUWONAMERU" name="苦汁を舐める">
			<pattern case_sensitive="no">
				<token>苦渋</token>
				<token>を</token>
				<token>舐める</token>
			</pattern>
			<message>苦汁を舐める</message>
			<example><marker>苦汁を舐める</marker></example>
			<example correction=""><marker>苦渋を舐める</marker></example>
		</rule>
		<rule id="SHINFUKOU" name="親不孝">
			<pattern case_sensitive="no">
				<token>親</token>
				<token>不幸</token>
			</pattern>
			<message>親不孝</message>
			<example><marker>親不孝</marker></example>
			<example correction=""><marker>親不幸</marker></example>
		</rule>
		<rule id="RINKUWOHARU" name="リンクを張る">
			<pattern case_sensitive="no">
				<token>リンク</token>
				<token>を</token>
				<token>貼る</token>
			</pattern>
			<message>リンクを張る</message>
			<example><marker>リンクを張る</marker></example>
			<example correction=""><marker>リンクを貼る</marker></example>
		</rule>
	</category>
	<!-- ============================== -->
	<!-- コロケーション -->
	<!-- ============================== -->
	<category name="コロケーション">
		<rule id="AINOTE" name="合いの手">
			<pattern case_sensitive="no">
				<token>合いの手</token>
				<token>を</token>
				<token>打つ</token>
			</pattern>
			<message>合いの手を入れる</message>
			<example>
				<marker>合いの手を入れる</marker>
			</example>
			<example correction="">
				<marker>合いの手を打つ</marker>
			</example>
		</rule>
		<rule id="ITIDOU" name="一同">
			<pattern case_sensitive="no">
				<token>一同</token>
				<token>に</token>
				<token regexp="yes">会|会し|会す</token>
			</pattern>
			<message>一堂に会する。</message>
			<example><marker>一堂に会</marker>する。</example>
			<example correction=""><marker>一同に会</marker>する。</example>
		</rule>
		<rule id="ISSI" name="一矢">
			<pattern case_sensitive="no">
				<token>一矢</token>
				<token>を</token>
				<token>返す</token>
			</pattern>
			<message>一矢を報いる</message>
			<example>
				<marker>一矢を報いる</marker>
			</example>
			<example correction="">
				<marker>一矢を返す</marker>
			</example>
		</rule>
		<rule id="MIKKANIAGEZU" name="三日に上げず">
			<pattern case_sensitive="no">
				<token>三</token>
				<token>日</token>
				<token regexp="yes">と|も|を</token>
				<token>上げ</token>
				<token>ず</token>
			</pattern>
			<message>三日に上げず</message>
			<example><marker>三日に上げず</marker></example>
			<example correction=""><marker>三日と上げず</marker></example>
		</rule>
		<rule id="SAIHAIWOFURU" name="采配を振る">
			<pattern case_sensitive="no">
				<token>采配</token>
				<token>を</token>
				<token>振るう</token>
			</pattern>
			<message>采配を振る</message>
			<example><marker>采配を振る</marker></example>
			<example correction=""><marker>采配を振るう</marker></example>
		</rule>
		<rule id="KENRYOKUNIOMONETTE" name="権力におもねって">
			<pattern case_sensitive="no">
				<token>権力</token>
				<token>に</token>
				<token>お</token>
				<token>も</token>
				<token>ね</token>
				<token>て</token>
			</pattern>
			<message>権力におもねって</message>
			<example><marker>権力におもねって</marker></example>
			<example correction=""><marker>権力におもねて</marker></example>
		</rule>
	</category>
</rules>
